group,topic,Keyword
0,20000 car loan,balloon repayment calculator
0,20000 car loan,balloon payment calculator
0,20000 car loan,car loan repayment with balloon calculator
0,20000 car loan,car balloon finance calculator
0,20000 car loan,finance calculator with balloon
0,20000 car loan,balloon repayments
0,20000 car loan,car loan with balloon calculator
0,20000 car loan,car loan repayment calculator balloon
0,20000 car loan,balloon car loan
0,20000 car loan,auto loan balloon payment calculator
0,20000 car loan,car finance calculator with balloon
0,20000 car loan,balloon loan calculator
0,20000 car loan,loan repayment calculator with balloon
0,20000 car loan,car loan calculator with balloon
0,20000 car loan,car finance with balloon payment calculator
0,20000 car loan,car loan balloon payment calculator
0,20000 car loan,balloon auto loan
0,20000 car loan,loan calculator with balloon
0,20000 car loan,balloon calculator
0,20000 car loan,balloon car loan payment
0,20000 car loan,car loan calculator balloon
0,20000 car loan,car finance with balloon calculator
0,20000 car loan,car loan with balloon payment calculator
0,20000 car loan,balloon finance calculator
0,20000 car loan,car repayment calculator with balloon
0,20000 car loan,balloon payment car loan calculator
0,20000 car loan,balloon car loan calculator
0,20000 car loan,balloon payment car calculator
0,20000 car loan,car finance calculator balloon
0,20000 car loan,car loan calculator with balloon australia
0,20000 car loan,loan repayment calculator with balloon payment
0,20000 car loan,balloon repayment
0,20000 car loan,car loan balloon
0,20000 car loan,car loan balloon calculator
0,20000 car loan,car loan repayment calculator with balloon
0,20000 car loan,car loan calculator balloon payment
0,20000 car loan,balloon finance
0,20000 car loan,balloon interest calculator
0,20000 car loan,car balloon payment calculator
0,20000 car loan,car finance with balloon payment
0,20000 car loan,car loan calculator with balloon payment
0,20000 car loan,balloon auto loan calculator
1,quick cash loans,how to count loan interest
1,quick cash loans,quickcasg
1,quick cash loans,personal loan 25000
1,quick cash loans,loan using car as collateral
1,quick cash loans,24 7 loans
1,quick cash loans,short-term lending
1,quick cash loans,loans adelaide
1,quick cash loans,pre approved loan
1,quick cash loans,single parent loans
1,quick cash loans,car loan refinancing
1,quick cash loans,personal loans for low income
1,quick cash loans,renovation cost calculator
1,quick cash loans,loans using car as collateral
1,quick cash loans,personal loans adelaide
1,quick cash loans,best personal loans banks
1,quick cash loans,easiest place to get a loan
1,quick cash loans,finance one brisbane
1,quick cash loans,reno calculator
1,quick cash loans,loans with car as security
1,quick cash loans,5000 loan
1,quick cash loans,loan eligibility calculator
1,quick cash loans,car loans sa
1,quick cash loans,loan schedule
1,quick cash loans,paying car off early
1,quick cash loans,loans with car as collateral
1,quick cash loans,per annuam
1,quick cash loans,sa car loans
1,quick cash loans,10000 personal loan
1,quick cash loans,loans for single parents
1,quick cash loans,personal loan eligibility
1,quick cash loans,loans today
1,quick cash loans,renovation costs calculator
1,quick cash loans,adelaide personal loans
1,quick cash loans,serviceability calculator
1,quick cash loans,can a pensioner get a loan
1,quick cash loans,fastcash loan
1,quick cash loans,queensland car loans
1,quick cash loans,wage loan
1,quick cash loans,per annu
1,quick cash loans,melbourne personal loans
1,quick cash loans,how long does finance approval take for a car
1,quick cash loans,paying off car loan early
1,quick cash loans,loans 24 7
1,quick cash loans,personal loan melbourne
1,quick cash loans,25000 car
1,quick cash loans,boat loan interest rates
1,quick cash loans,melbourne loans
1,quick cash loans,newcastle permanent personal loan
1,quick cash loans,5000 private loan
1,quick cash loans,best personal loan bank
1,quick cash loans,per anun
1,quick cash loans,short-term loan
1,quick cash loans,30000 car loan repayments
1,quick cash loans,500 scoreboard
1,quick cash loans,quick.cash loans
1,quick cash loans,emergency loan
1,quick cash loans,loans with pre approval
1,quick cash loans,cashloan.com
1,quick cash loans,low income personal loan
1,quick cash loans,newcastle permanent car loan
1,quick cash loans,adelaide car loans
1,quick cash loans,low income loans
1,quick cash loans,20000 loan
1,quick cash loans,home loans for casual workers
1,quick cash loans,which bank is better for personal loan
1,quick cash loans,motorcycle payment estimator
1,quick cash loans,loans qld
1,quick cash loans,variable personal loan
1,quick cash loans,10000 loan
1,quick cash loans,loan surgery
1,quick cash loans,20000 loan repayments
1,quick cash loans,5000 personal loan
1,quick cash loans,unsecured lending definition
1,quick cash loans,how long to pay off loan
1,quick cash loans,compare car loans calculator
1,quick cash loans,my pay now loans
1,quick cash loans,getmycreditscore
1,quick cash loans,personal loan for private
1,quick cash loans,loans for lower income
1,quick cash loans,personal loan 5000
1,quick cash loans,cheap car finance adelaide
1,quick cash loans,asic calculator
1,quick cash loans,loan 5000
1,quick cash loans,motorcycle loan rates
1,quick cash loans,quick loans using car as collateral
1,quick cash loans,low document personal loans
1,quick cash loans,low doc personal loans
1,quick cash loans,how long does personal loan approval take
1,quick cash loans,personal loan brokers
1,quick cash loans,loans brisbane
1,quick cash loans,10k personal loan
1,quick cash loans,5000 dollar loan
1,quick cash loans,$5000 loans
1,quick cash loans,$10 000 personal loan
1,quick cash loans,unsecured personal loan definition
1,quick cash loans,30000 loan repayments
1,quick cash loans,can you swap finance from one car to another
1,quick cash loans,low doc personal loan
1,quick cash loans,moneyspoy
1,quick cash loans,best bank for personal loans
1,quick cash loans,mini loans
1,quick cash loans,$5000 loan
1,quick cash loans,how long does fair go finance take to approve
1,quick cash loans,20 000 loan repayments
1,quick cash loans,15000 car
1,quick cash loans,easycash
1,quick cash loans,quickcash loans
1,quick cash loans,can you change car finance
1,quick cash loans,bike loan calculator
1,quick cash loans,personal loan definition
1,quick cash loans,which bank is best for personal loans
1,quick cash loans,car loan affordability calculator
1,quick cash loans,$15000 car
1,quick cash loans,$5000 personal loan
1,quick cash loans,quickcash loan
1,quick cash loans,loan brisbane
1,quick cash loans,25000 loan
1,quick cash loans,victoria car loans
1,quick cash loans,cheap car finance brisbane
1,quick cash loans,motorbike loan repayment calculator
1,quick cash loans,credit rating calculator
1,quick cash loans,car loans townsville
1,quick cash loans,good personal loan banks
1,quick cash loans,getcreditscore free
1,quick cash loans,same.day loans
1,quick cash loans,loans for pensioner
1,quick cash loans,quickcash reviews
1,quick cash loans,which bank is good for personal loan
1,quick cash loans,loanapp
1,quick cash loans,loans queensland
1,quick cash loans,best car loans
1,quick cash loans,loan calculator auto refinance
1,quick cash loans,how long does it take to approve a loan
1,quick cash loans,car loan calculator with baloon
1,quick cash loans,loans for low income
1,quick cash loans,car loans adelaide
1,quick cash loans,1000 dollar loan
1,quick cash loans,cashtoday
1,quick cash loans,bank of adelaide interest rates
1,quick cash loans,sameday loans
1,quick cash loans,simple loan
1,quick cash loans,best bank for car loan
1,quick cash loans,define unsecured loan
1,quick cash loans,easiest to get loans
1,quick cash loans,renovation costs melbourne
1,quick cash loans,loan solutions
1,quick cash loans,car loans queensland
1,quick cash loans,brisbane car loans
1,quick cash loans,repayment interest
1,quick cash loans,easiest loan to get
1,quick cash loans,medical loan
1,quick cash loans,greater personal loan calculator
1,quick cash loans,loans for single moms
1,quick cash loans,compare personal loan interest rates
1,quick cash loans,low doc loans rates
1,quick cash loans,25 000 car
1,quick cash loans,car affordability calculator
1,quick cash loans,loans and lines of credit
1,quick cash loans,affordability calculator
1,quick cash loans,car loan bank of melbourne
1,quick cash loans,home reno calculator
1,quick cash loans,how long does it take for finance approval
1,quick cash loans,loans from pensions
1,quick cash loans,abn business loan
1,quick cash loans,get loans now
1,quick cash loans,pay of loan
1,quick cash loans,private personal loans
1,quick cash loans,can you refinance a car loan
1,quick cash loans,personal loan rates compare
1,quick cash loans,apply for quick loan
1,quick cash loans,car loan ing
1,quick cash loans,car refinance calculator
1,quick cash loans,motorbike finance calculator
1,quick cash loans,best personal loan
1,quick cash loans,wuickcash
1,quick cash loans,pre approved loans
1,quick cash loans,reno loan calculator
1,quick cash loans,pre approval estimate
1,quick cash loans,loan for single parent
1,quick cash loans,how old do you have to get a loan
1,quick cash loans,fixed or variable personal loan
1,quick cash loans,pension loans online
1,quick cash loans,remodel calculator
1,quick cash loans,loans sydney
1,quick cash loans,current car loan rates
1,quick cash loans,loan 10000
1,quick cash loans,pre approved car loan
1,quick cash loans,budget for renovations calculator
1,quick cash loans,$10000 personal loan
1,quick cash loans,renovation cost estimator
1,quick cash loans,calculation personal loan
1,quick cash loans,best vehicle loans
1,quick cash loans,credit scores and ratings
1,quick cash loans,small loans quick
1,quick cash loans,loans using car title
1,quick cash loans,auto collateral loans
1,quick cash loans,beyond bank loan calculator
1,quick cash loans,best personal loan lenders
1,quick cash loans,cashloans
1,quick cash loans,quickest loans
1,quick cash loans,society one loans
1,quick cash loans,car finance adelaide
1,quick cash loans,loan sydney
1,quick cash loans,sydney loan
1,quick cash loans,checkyourcredit
1,quick cash loans,loan secured car
1,quick cash loans,refinancing a car loan
1,quick cash loans,great car loans
1,quick cash loans,car loan insurance
1,quick cash loans,calculate a car loan
1,quick cash loans,home loan with casual job
1,quick cash loans,weekend loans bad credit
1,quick cash loans,auto loan refinance calculator
1,quick cash loans,loan approved
1,quick cash loans,home remodel calculator
1,quick cash loans,car loans brisbane
1,quick cash loans,unsecured loan meaning
1,quick cash loans,low income personal loans
1,quick cash loans,bank of qld personal loan
1,quick cash loans,car loan car insurance
1,quick cash loans,car loans victoria
1,quick cash loans,approval loan personal
1,quick cash loans,loanable amount
1,quick cash loans,loan affordability calculator
1,quick cash loans,home loan casual employment
1,quick cash loans,small loans online
1,quick cash loans,50.00 loans
1,quick cash loans,compare the loans
1,quick cash loans,car payment refinance calculator
1,quick cash loans,great loan rates
1,quick cash loans,greater bank personal loan calculator
1,quick cash loans,car loan nsw
1,quick cash loans,credit 24 loans
1,quick cash loans,variable or fixed rate personal loan
1,quick cash loans,car loan preapproval
1,quick cash loans,small loans aus
1,quick cash loans,loan with car as collateral
1,quick cash loans,pensioner loans
1,quick cash loans,pensioner loan
1,quick cash loans,beyond bank car loan calculator
1,quick cash loans,refinancing car loan
1,quick cash loans,best car loans brisbane
1,quick cash loans,how long does loan approval take
1,quick cash loans,definition personal loan
1,quick cash loans,renovation calculator
1,quick cash loans,how long does it take to get a loan approved
1,quick cash loans,what lenders are the easiest to get approved for
1,quick cash loans,now finance personal loan
1,quick cash loans,personal loans compare
1,quick cash loans,loans using car as security
1,quick cash loans,moneyme review
1,quick cash loans,best loan
1,quick cash loans,how to calculate loan interest
1,quick cash loans,loans darwin
1,quick cash loans,loans for pension
1,quick cash loans,loans wa
1,quick cash loans,remodeling costs calculator
1,quick cash loans,1000 loan
1,quick cash loans,today loans
1,quick cash loans,car security loans
1,quick cash loans,loans melbourne
1,quick cash loans,best of banks
1,quick cash loans,abn business loans
1,quick cash loans,motorcycle financing rates
1,quick cash loans,loans in minutes
1,quick cash loans,credit card limit estimator
1,quick cash loans,loan melbourne
1,quick cash loans,car loans wa
1,quick cash loans,personal loan compare
1,quick cash loans,servicability calculator
1,quick cash loans,how long does it take for loan approval
1,quick cash loans,boat interest rates
1,quick cash loans,car loan secured against car
1,quick cash loans,how long does latitude loan take to approve
1,quick cash loans,20000 car
1,quick cash loans,how long does it take for car finance approval
1,quick cash loans,pre approval calculator
1,quick cash loans,best personal loans
1,quick cash loans,vehicle refinance calculator
1,quick cash loans,fasteasy
1,quick cash loans,pension lending
1,quick cash loans,easyloans
1,quick cash loans,salecar
1,quick cash loans,loan on pension
1,quick cash loans,secured boat loan
1,quick cash loans,pre approved car loans
1,quick cash loans,car loan adelaide
1,quick cash loans,quickcash
1,quick cash loans,how to compute loan interest
1,quick cash loans,auto secured loans
1,quick cash loans,car cost calculator
1,quick cash loans,car title
1,quick cash loans,break cost calculator
1,quick cash loans,loans for bad credit history direct lender
1,quick cash loans,what is the average credit rating
1,quick cash loans,total interest calculator
1,quick cash loans,personal loan low income
1,quick cash loans,private lenders personal loans
1,quick cash loans,motorcycle finance calculator
1,quick cash loans,borrow the car
1,quick cash loans,car loan pre approval
1,quick cash loans,better borrow
1,quick cash loans,quick approval personal loans
1,quick cash loans,societyone loans
1,quick cash loans,immediate loan
1,quick cash loans,private lenders for personal loans
1,quick cash loans,australian car loan calculator
1,quick cash loans,drive it
1,quick cash loans,emergency loans asap
1,quick cash loans,define unsecured personal loans
1,quick cash loans,cashloan
1,quick cash loans,best bank for auto loan
1,quick cash loans,loan calculator online
1,quick cash loans,loan adelaide
1,quick cash loans,pay advancement
1,quick cash loans,unsecured loan definition
1,quick cash loans,fastcash
1,quick cash loans,stratton car finance calculator
1,quick cash loans,30000 personal loan
1,quick cash loans,$30000 personal loan
1,quick cash loans,stratton car finance
1,quick cash loans,small lon
1,quick cash loans,stratton finance car loan calculator
1,quick cash loans,compare the market personal loan
1,quick cash loans,$20000 personal loan
1,quick cash loans,fastcash loans
1,quick cash loans,low income auto loans
1,quick cash loans,darwin car loans
1,quick cash loans,simple loans
1,quick cash loans,society one contact number
1,quick cash loans,5k loan
1,quick cash loans,best loan agency
1,quick cash loans,low income car loans
1,quick cash loans,30k loan
1,quick cash loans,refinance auto loan calculator
1,quick cash loans,easyloan
1,quick cash loans,15000 loan repayments
1,quick cash loans,stratton finance car loan
1,quick cash loans,personal loan redraw
1,quick cash loans,low income car finance
1,quick cash loans,small.cash loans
1,quick cash loans,best bank personal loans
1,quick cash loans,abn loan
1,quick cash loans,secured loan against car
1,quick cash loans,$500 loans
1,quick cash loans,quick loan using car as collateral
1,quick cash loans,personal loan pre approval
1,quick cash loans,funeral loans
1,quick cash loans,car loans for casual workers
1,quick cash loans,5000 loans
1,quick cash loans,best car loans queensland
1,quick cash loans,brisbane personal loan
1,quick cash loans,low income auto financing
1,quick cash loans,$15000 loan
1,quick cash loans,auto title loans
1,quick cash loans,loans on weekends
1,quick cash loans,500$ loan
1,quick cash loans,loans buddy
1,quick cash loans,agency loan
1,quick cash loans,loans approved in minutes
1,quick cash loans,loan eligibility calculator personal loan
1,quick cash loans,moneyme newcastle
1,quick cash loans,personal loan compare the market
1,quick cash loans,compare the market loans
1,quick cash loans,motorcycle payment calculator
1,quick cash loans,loan for casual workers
1,quick cash loans,$1000 loans
1,quick cash loans,motorcycle loan calculator
1,quick cash loans,small emergency loans
1,quick cash loans,loans against car
1,quick cash loans,loan availability calculator
1,quick cash loans,online loan approval
1,quick cash loans,personal loan eligibility calculator
1,quick cash loans,loans against my car
1,quick cash loans,how long does car finance approval take
1,quick cash loans,loans against cars
1,quick cash loans,50k loan
1,quick cash loans,500 loans
1,quick cash loans,borrow $500
1,quick cash loans,loans for single mothers
1,quick cash loans,cheap car loans adelaide
1,quick cash loans,one hour loan
1,quick cash loans,quick loan app
1,quick cash loans,loans townsville
1,quick cash loans,pay now loans
1,quick cash loans,need loan asap
1,quick cash loans,best car loans qld
1,quick cash loans,quick weekend loans
1,quick cash loans,credit card limit calculator
1,quick cash loans,cashtoday loan
1,quick cash loans,5 star car title loans
1,quick cash loans,1000 personal loan
1,quick cash loans,advancepay
1,quick cash loans,weekend loan
1,quick cash loans,loan for 500
1,quick cash loans,personal loans hobart
1,quick cash loans,refinancing car loan calculator
1,quick cash loans,surgical loans
1,quick cash loans,30000 loan
1,quick cash loans,cashnow
1,quick cash loans,refinance car loan calculator
1,quick cash loans,loan asap
1,quick cash loans,$50000 personal loan
1,quick cash loans,loans for low income earners
1,quick cash loans,car loans for low income
1,quick cash loans,low income car loan
1,quick cash loans,best banks for personal loans
1,quick cash loans,15000 personal loan
1,quick cash loans,sunday loans
1,quick cash loans,500 loan
1,quick cash loans,society one phone number
1,quick cash loans,compare the market personal loans
1,quick cash loans,get creditscore
1,quick cash loans,loans against car and still drive it
1,quick cash loans,10k loan
1,quick cash loans,best bank for personal loan
1,quick cash loans,compare the market loan
1,quick cash loans,loan in minutes
1,quick cash loans,pre approved personal loans
1,quick cash loans,$500 loan
1,quick cash loans,private personal loan
1,quick cash loans,$1000 loan
1,quick cash loans,society one personal loan
1,quick cash loans,1000 loans
1,quick cash loans,need a loan asap
1,quick cash loans,small loan
1,quick cash loans,loans for abn holders
1,quick cash loans,personal loan best bank
1,quick cash loans,weekend loans
1,quick cash loans,emergency personal loan
1,quick cash loans,20000 dollar car loan
1,quick cash loans,500 dollar loan
1,quick cash loans,abn loans
1,quick cash loans,loan buddy
1,quick cash loans,borrow against car
1,quick cash loans,how long does it take to approve a personal loan
1,quick cash loans,10k loans
1,quick cash loans,pre approval personal loan
1,quick cash loans,society one sydney
1,quick cash loans,secured loans against car
1,quick cash loans,auto title lender
1,quick cash loans,loans for casual workers
1,quick cash loans,loan one lender
1,quick cash loans,best bank loans
1,quick cash loans,5k loans
1,quick cash loans,loan 500
1,quick cash loans,automobile title loans
1,quick cash loans,24 credit loan
1,quick cash loans,50 000 loans personal loan
1,quick cash loans,small loan app
1,quick cash loans,best bank personal loan
1,quick cash loans,car title loan
1,quick cash loans,societyone loan
1,quick cash loans,credit limit calculator
1,quick cash loans,stepup loan
1,quick cash loans,loan against vehicle
1,quick cash loans,1000 bank loan
1,quick cash loans,best car loans adelaide
1,quick cash loans,20000 personal loan
1,quick cash loans,motorcycle loan estimate
1,quick cash loans,motorcycle loan repayment calculator
1,quick cash loans,saturday loans
1,quick cash loans,15k loan
1,quick cash loans,personal loan 20000
1,quick cash loans,car loans on title
1,quick cash loans,loans in melbourne
1,quick cash loans,surgery loans
1,quick cash loans,finance one townsville
1,quick cash loans,motorcycle interest rates
1,quick cash loans,loans for 18-year olds with no credit history
1,quick cash loans,loan agency
1,quick cash loans,credit rating apps
1,quick cash loans,vendor loan
1,quick cash loans,how can i get a 50000 loan
1,quick cash loans,little loans
1,quick cash loans,personal loans brisbane
1,quick cash loans,15000 loan
1,quick cash loans,car loans darwin
1,quick cash loans,loans on auto titles
1,quick cash loans,car title loans
1,quick cash loans,stratton car loan calculator
1,quick cash loans,50k personal loan
1,quick cash loans,loans for casual employees
1,quick cash loans,society one loan balance
1,quick cash loans,credit 24 loan
1,quick cash loans,20k loan
1,quick cash loans,society one loan
1,quick cash loans,motorbike loan calculator
1,quick cash loans,weekend loans aus
1,quick cash loans,car and title loan
1,quick cash loans,loan against car and still drive it
1,quick cash loans,1k loan
1,quick cash loans,investing loan
1,quick cash loans,how long does it take for loans to be approved
1,quick cash loans,10 year personal loan
1,quick cash loans,personal loan brisbane
1,quick cash loans,50000 personal loan
1,quick cash loans,direct lender loans
1,quick cash loans,cheap car loans brisbane
1,quick cash loans,cashup
1,quick cash loans,20000 car loan
1,quick cash loans,vehicle title loans
1,quick cash loans,quickloan
1,quick cash loans,loan for $500
1,quick cash loans,cashspot
1,quick cash loans,pre approved personal loan
1,quick cash loans,weekend loans 24 7
1,quick cash loans,boat finance melbourne
1,quick cash loans,moenyspot
1,quick cash loans,uploan
1,quick cash loans,redraw personal loan
1,quick cash loans,getcreditscore
2,car loan interest rate comparison,$500 loans australia
2,car loan interest rate comparison,medical loans australia
2,car loan interest rate comparison,weekend loans australia
2,car loan interest rate comparison,pay now australia
2,car loan interest rate comparison,medical loans for surgery australia
2,car loan interest rate comparison,credit 24 australia
2,car loan interest rate comparison,medical loan australia
2,car loan interest rate comparison,fast cash loans australia
2,car loan interest rate comparison,best loans australia
2,car loan interest rate comparison,car title loans australia
2,car loan interest rate comparison,refinance car loan australia
2,car loan interest rate comparison,easiest bank to get a loan with australia
2,car loan interest rate comparison,motorcycle loan calculator australia
2,car loan interest rate comparison,quick loan australia
2,car loan interest rate comparison,$1000 loan australia
2,car loan interest rate comparison,boat loans australia
2,car loan interest rate comparison,quick cash loans australia
2,car loan interest rate comparison,cash fast australia
2,car loan interest rate comparison,renovation cost calculator australia
2,car loan interest rate comparison,pension loans australia
2,car loan interest rate comparison,bike loan calculator australia
2,car loan interest rate comparison,best quick loans australia
2,car loan interest rate comparison,small loan australia
2,car loan interest rate comparison,pensioner loans australia
2,car loan interest rate comparison,cash now australia
2,car loan interest rate comparison,quick cash australia
2,car loan interest rate comparison,best cash loans australia
2,car loan interest rate comparison,$500 loan australia
2,car loan interest rate comparison,best bank for personal loan australia
2,car loan interest rate comparison,interest free medical loans australia
2,car loan interest rate comparison,quick cash loan australia
2,car loan interest rate comparison,best quick cash loans australia
2,car loan interest rate comparison,how to make quick cash australia
2,car loan interest rate comparison,loans against car and still drive it australia
2,car loan interest rate comparison,credit card limit calculator australia
2,car loan interest rate comparison,medical finance australia
3,car loan calculator with balloon,24/7 weekend loans australia
3,car loan calculator with balloon,24/7 loans
3,car loan calculator with balloon,loans 24/7
3,car loan calculator with balloon,cash loans 24/7
3,car loan calculator with balloon,24/7 loans australia
3,car loan calculator with balloon,247 loans
3,car loan calculator with balloon,weekend loans 24/7
3,car loan calculator with balloon,credit 24/7
3,car loan calculator with balloon,24/7 loan
4,loans sydney,online credit score
4,loans sydney,how to get a great credit score
4,loans sydney,free online credit check
4,loans sydney,credit score free online
4,loans sydney,score 500
4,loans sydney,loan of credit
4,loans sydney,how to see your credit score
4,loans sydney,free credit check online
4,loans sydney,getcredit score
4,loans sydney,what affects your credit score australia
4,loans sydney,credit check calculator
4,loans sydney,is 800 a good credit score
4,loans sydney,credit score application
4,loans sydney,how is credit score calculated
4,loans sydney,free online credit score australia
4,loans sydney,free credit score australia
4,loans sydney,scored up
4,loans sydney,avg credit score
4,loans sydney,credit rating free check
4,loans sydney,free credit check online australia
4,loans sydney,credit score calculator
4,loans sydney,free credit score check
4,loans sydney,5000 loan without credit check
4,loans sydney,how to calculate credit score
4,loans sydney,how to find out my credit score
4,loans sydney,what affects your credit score
4,loans sydney,credit rating online free
4,loans sydney,free online credit check australia
4,loans sydney,how do you get a 700 credit score
4,loans sydney,average credit score australia
4,loans sydney,free credit score check online
4,loans sydney,credit score app
4,loans sydney,does credit score matter in australia
4,loans sydney,my credit score free
4,loans sydney,free credit rating check
4,loans sydney,score up
4,loans sydney,credit score australia free
4,loans sydney,australian credit score free
4,loans sydney,calculate credit score
4,loans sydney,loan against car no credit check
4,loans sydney,online credit check
4,loans sydney,credit score check online
4,loans sydney,what affects credit score australia
4,loans sydney,how to check my credit score for free
4,loans sydney,check credit score australia free
4,loans sydney,check my credit rating free
4,loans sydney,is credit score 800 good
4,loans sydney,credit check australia free
4,loans sydney,how to find out your credit score
4,loans sydney,800 credit score
4,loans sydney,500 score
4,loans sydney,credit score online free
4,loans sydney,credit score range australia
4,loans sydney,how do i know my credit score
4,loans sydney,average credit score
4,loans sydney,credit score check australia free
4,loans sydney,credit check free australia
4,loans sydney,check my credit score australia free
4,loans sydney,credit score online
4,loans sydney,abn loans no credit check australia
4,loans sydney,check credit score online
4,loans sydney,my credit score check free
4,loans sydney,weekend loans no credit check
4,loans sydney,online credit check australia free
4,loans sydney,credit score checker
4,loans sydney,how to get a good credit score
4,loans sydney,how long does it take to improve credit score australia
4,loans sydney,credit report australia free
4,loans sydney,score how much
4,loans sydney,credit score check free
4,loans sydney,10k loan no credit check
4,loans sydney,free credit score check australia
4,loans sydney,how long does it take to improve credit score
4,loans sydney,check my credit score for free
5,calculate credit score,short cash loans
5,calculate credit score,short loan
5,calculate credit score,short term.loans
5,calculate credit score,short term.loan
5,calculate credit score,short loans
5,calculate credit score,quick short loans
5,calculate credit score,short money loan
5,calculate credit score,short time loan
6,same day loans,loans fast
6,same day loans,now fast
6,same day loans,car fast loans
6,same day loans,little loans fast
6,same day loans,loan easy approval
6,same day loans,easy same day loans
6,same day loans,easy cash loan
6,same day loans,fast weekend loans
6,same day loans,easy loan approval
6,same day loans,fast loans adelaide
6,same day loans,loan easy cash
6,same day loans,easy car loan approval
6,same day loans,fast car loans
6,same day loans,easy approval small loans
6,same day loans,quick easy cash loans
6,same day loans,easy and fast cash loans
6,same day loans,easy loans same day
6,same day loans,fast easy loans
6,same day loans,easy loans
6,same day loans,fast easy cash loans
6,same day loans,easy loans darwin
6,same day loans,fast immediate loans
6,same day loans,easy fast cash loans
6,same day loans,easy approval loan
6,same day loans,fast and easy cash loans
6,same day loans,loans fast approval
6,same day loans,easy loan
6,same day loans,easy fast loans
6,same day loans,quick easy loans
6,same day loans,small loans easy approval
7,loans for pensioners,cash emergency
7,loans for pensioners,cash today
7,loans for pensioners,wuick cash
7,loans for pensioners,cash weekend
7,loans for pensioners,cash loans adelaide sa
7,loans for pensioners,cash fast
7,loans for pensioners,quick cash lenders
7,loans for pensioners,i need cash
7,loans for pensioners,spot cash loan
7,loans for pensioners,cash by loans
7,loans for pensioners,fast cash loans
7,loans for pensioners,loans quick cash
7,loans for pensioners,quick cash
7,loans for pensioners,cash loan quick
7,loans for pensioners,clear cash loan
7,loans for pensioners,best cash loans
7,loans for pensioners,cash loans
7,loans for pensioners,cash online
7,loans for pensioners,emergency cash lenders
7,loans for pensioners,clear cash loans
7,loans for pensioners,cash quick cash
7,loans for pensioners,cash loams
7,loans for pensioners,urgent cash loans
7,loans for pensioners,cash loan brisbane
7,loans for pensioners,cash lenders
7,loans for pensioners,same.day cash
7,loans for pensioners,cash laons
7,loans for pensioners,cash loan sydney
7,loans for pensioners,cash now
7,loans for pensioners,cash spot
7,loans for pensioners,cash and go loans
7,loans for pensioners,get cash instantly
7,loans for pensioners,loan cash
7,loans for pensioners,quick cash loans
7,loans for pensioners,quick cash loans on weekends
7,loans for pensioners,cash instantly
7,loans for pensioners,emergency cash loan
7,loans for pensioners,need cash
7,loans for pensioners,quick cash loan
7,loans for pensioners,$500 cash boost
7,loans for pensioners,cash faster
7,loans for pensioners,get cash now
7,loans for pensioners,cash loans on vehicles
7,loans for pensioners,quick loans online
7,loans for pensioners,urgent cash loan
7,loans for pensioners,emergency cash loans in one hour
7,loans for pensioners,direct cash lenders
7,loans for pensioners,secured cash
7,loans for pensioners,$500 cash loan
7,loans for pensioners,quick cash online
7,loans for pensioners,get quick cash
7,loans for pensioners,500 cash loan
7,loans for pensioners,cash for loans
7,loans for pensioners,need cash asap
7,loans for pensioners,cash quick
7,loans for pensioners,direct cash lender
7,loans for pensioners,quick small cash loans
7,loans for pensioners,weekend cash loans
7,loans for pensioners,quick cash moneyspot
7,loans for pensioners,small cash loans online
7,loans for pensioners,cash for loan
7,loans for pensioners,cash loans adelaide
7,loans for pensioners,how to get quick cash online
7,loans for pensioners,loan quick cash
7,loans for pensioners,ways to get quick cash
7,loans for pensioners,borrow cash instantly
7,loans for pensioners,quick cash reviews
7,loans for pensioners,sure cash finance
7,loans for pensioners,fast cash loan
7,loans for pensioners,cash loans sydney
7,loans for pensioners,fast cash
7,loans for pensioners,get cash fast
7,loans for pensioners,quick cash loans online
7,loans for pensioners,cash loans townsville
8,free credit score check online,loan emergency money
8,free credit score check online,loan money fast
8,free credit score check online,spot loans
8,free credit score check online,money and calculator
8,free credit score check online,money 3 adelaide
8,free credit score check online,money 3 fast cash loans
8,free credit score check online,same day money lenders
8,free credit score check online,money fast
8,free credit score check online,money me interest rate
8,free credit score check online,on spot loans
8,free credit score check online,on the spot loans
8,free credit score check online,money apot
8,free credit score check online,money spot reviews
8,free credit score check online,money lenders sydney
8,free credit score check online,money spot loan
8,free credit score check online,money calculator aus
8,free credit score check online,spot money
8,free credit score check online,borrow money against your car
8,free credit score check online,money spot
8,free credit score check online,money calculator google
8,free credit score check online,google money calculator
8,free credit score check online,money spot loans
8,free credit score check online,money soot
8,free credit score check online,aus money calculator
8,free credit score check online,i need money asap
9,personal loan best bank,instant loans for pensioners
9,personal loan best bank,loans for pensioners australia
9,personal loan best bank,pensioners loans
9,personal loan best bank,loans pensioners
9,personal loan best bank,interest free loans for pensioners
9,personal loan best bank,no interest loans for pensioners
9,personal loan best bank,quick and easy loans for pensioners
9,personal loan best bank,fast loans for pensioners
9,personal loan best bank,car finance for pensioners
9,personal loan best bank,small loans for pensioners
9,personal loan best bank,same day cash loans for pensioners in australia
9,personal loan best bank,cheap loans for pensioners
9,personal loan best bank,finance for pensioners
9,personal loan best bank,loan for pensioners australia
9,personal loan best bank,same day loans for pensioners
9,personal loan best bank,best loans for pensioners
9,personal loan best bank,can pensioners get a loan
9,personal loan best bank,loans for pensioners
9,personal loan best bank,personal loans for pensioners
9,personal loan best bank,same day cash loans for pensioners
9,personal loan best bank,caravan loans for pensioners
9,personal loan best bank,loan for pensioners
9,personal loan best bank,online cash loans for pensioners
9,personal loan best bank,personal loan for pensioners
10,car title loans,how to calculate interest per annum
10,car title loans,per annum.
10,car title loans,how to compute interest per annum
10,car title loans,what is per annum
10,car title loans,per annum means
10,car title loans,annum
10,car title loans,per annum
11,cash quick,cash now perth
11,cash quick,best car loan rates perth
11,cash quick,car loan perth western australia
11,cash quick,best car finance perth
11,cash quick,cash advance perth
11,cash quick,car loans in perth
11,cash quick,cheap car loans perth
11,cash quick,perth loans
11,cash quick,cheap car finance perth
11,cash quick,car loan interest rates perth
11,cash quick,car loan rates perth
11,cash quick,perth car loans
11,cash quick,fast loans perth
11,cash quick,car loans perth wa
11,cash quick,quick loans perth
11,cash quick,cash loans in perth
11,cash quick,loans perth wa
11,cash quick,perth loan
11,cash quick,loan perth
11,cash quick,loans perth
11,cash quick,cash loans perth
11,cash quick,best car loans perth
11,cash quick,cash loans perth wa
12,loan asap,self employed personal loan
12,loan asap,self employed personal loans
12,loan asap,loan for self employed
12,loan asap,loans for employed
12,loan asap,loans for self employed
12,loan asap,self employed loan
12,loan asap,loans self employed
12,loan asap,personal loan for self employed
12,loan asap,self employed loans
13,perth car loans,personal loan broker near me
13,perth car loans,personal loan broker
13,perth car loans,personal loans broker
13,perth car loans,car loan near me
13,perth car loans,car loan broker near me
13,perth car loans,personal loan broker australia
13,perth car loans,broker personal loans
13,perth car loans,loans near me
13,perth car loans,broker for personal loan
13,perth car loans,cash and loans near me
13,perth car loans,cash loans near me
13,perth car loans,broker personal loan
13,perth car loans,me broker
13,perth car loans,loan near me
14,beyond bank loan calculator,cash advance adelaide
14,beyond bank loan calculator,advance payment loan
14,beyond bank loan calculator,advance pay
14,beyond bank loan calculator,get pay in advance
14,beyond bank loan calculator,advance wage
14,beyond bank loan calculator,loan advance
14,beyond bank loan calculator,advance pay loan
14,beyond bank loan calculator,advance pay app
14,beyond bank loan calculator,weekend payday advance
14,beyond bank loan calculator,pay an advance
14,beyond bank loan calculator,advance a loan
14,beyond bank loan calculator,advance pay australia
14,beyond bank loan calculator,advance calculator
14,beyond bank loan calculator,calculator advance
14,beyond bank loan calculator,cash advance rate
14,beyond bank loan calculator,advance on a loan
14,beyond bank loan calculator,advance loan
15,private personal loans,same day loans
15,private personal loans,small same day cash loans
15,private personal loans,day cash loans
15,private personal loans,cash of the day
15,private personal loans,quick same day loans
15,private personal loans,online loan same day
15,private personal loans,same day personal loan
15,private personal loans,loans same day
15,private personal loans,fast same day cash loans
15,private personal loans,same day loans online
15,private personal loans,small loans same day
15,private personal loans,same day loan australia
15,private personal loans,fast cash loans same day
15,private personal loans,quick loans online same day
15,private personal loans,small same day loans
15,private personal loans,same day pay
15,private personal loans,cheap loans same day
15,private personal loans,online loans same day
15,private personal loans,emergency same day loans
15,private personal loans,same day cash loans
15,private personal loans,cash loan same day
15,private personal loans,cash day loans
15,private personal loans,same day loan lenders
15,private personal loans,fast loans same day
15,private personal loans,same day cash loans online
15,private personal loans,cash loans same day
15,private personal loans,small cash loans same day
15,private personal loans,loans same day approval
15,private personal loans,same day loans aus
15,private personal loans,same day personal loans
15,private personal loans,same day abn loans
15,private personal loans,same day loans australia
15,private personal loans,emergency same day cash loans
15,private personal loans,same day lenders
15,private personal loans,same day loana
15,private personal loans,online loans same day cash
15,private personal loans,same day small loans
15,private personal loans,quick loans same day
15,private personal loans,money loans online same day
15,private personal loans,free loans same day approval
15,private personal loans,quick cash loans same day
15,private personal loans,same day loans weekend
15,private personal loans,same day cash
15,private personal loans,same day approval loans
16,per annum,car loan best rate
16,per annum,average personal loan interest rate
16,per annum,average interest rate for car loans
16,per annum,interest rate for boat
16,per annum,average interest rate for car loan
16,per annum,normal interest rate for car loan
16,per annum,usual interest rate for car loan
16,per annum,car loan interest comparison
16,per annum,what is the average car finance interest rate
16,per annum,average car payment interest rate
16,per annum,common interest rate for car loan
16,per annum,car loan rate comparison
16,per annum,car loan comparison calculator
16,per annum,car rate comparison
16,per annum,car finance interest rate average
16,per annum,average loan rate
16,per annum,vehicle loan interest rate comparison
16,per annum,average car finance interest rate
16,per annum,car loan comparison rate
16,per annum,average interest rate car loan
16,per annum,what is the average car interest rate
16,per annum,car finance average interest rate
16,per annum,average loan interest rate
16,per annum,comparison rate calculator car loan
16,per annum,average car finance rate
16,per annum,what is comparison rate car loan
16,per annum,car loan interest rate comparison
16,per annum,car loan comparison rates
16,per annum,auto loan interest rate comparison
16,per annum,variable rate personal loan
16,per annum,what is a comparison rate car loan
16,per annum,car finance interest rate comparison
16,per annum,personal loan rate comparison
16,per annum,moneyme interest rate
16,per annum,comparison rate car loan
16,per annum,comparison rate interest car loan
17,1000 loan,fast loans instant
17,1000 loan,australian instant cash loans
17,1000 loan,quick and instant loans
17,1000 loan,instant cash lenders
17,1000 loan,instant small cash loans
17,1000 loan,instant personal loan
17,1000 loan,australia instant loan
17,1000 loan,instant money australia
17,1000 loan,instant cash
17,1000 loan,instant cash loans aus
17,1000 loan,online instant loans
17,1000 loan,cash loans instant
17,1000 loan,instant cash australia
17,1000 loan,instant cash loan australia
17,1000 loan,instant loans australia
17,1000 loan,cash loan instant
17,1000 loan,fast instant loans
17,1000 loan,instant cash loans australia
17,1000 loan,fast instant cash loans
17,1000 loan,instant cash.loans
17,1000 loan,instant cash loans online
17,1000 loan,instant cash loan
17,1000 loan,instant cash app australia
17,1000 loan,instant casj
17,1000 loan,instant cash advance australia
17,1000 loan,instant cash loans in australia
17,1000 loan,quick instant cash loans
17,1000 loan,best instant cash loans
17,1000 loan,instant cash loans
17,1000 loan,instant weekend loans
18,loans against car,joint personal loans australia
18,loans against car,joint car loan
18,loans against car,personal joint loans
18,loans against car,joint loan for car
18,loans against car,joint loans
18,loans against car,joint application personal loan
18,loans against car,personal loan joint application
18,loans against car,joint loan applications
18,loans against car,joint loan
18,loans against car,joint loans bad credit
18,loans against car,joint personal loans
18,loans against car,joint personal loan
19,personal loan pre approval,what is the highest credit
19,personal loan pre approval,how to get highest credit score
19,personal loan pre approval,highest credit score australia
19,personal loan pre approval,highest credit
19,personal loan pre approval,highest credit score
19,personal loan pre approval,what is the highest credit score in australia
20,line of credit,how can i get a quick loan
20,line of credit,loan against car
20,line of credit,now loans
20,line of credit,loan against my car
20,line of credit,what are loans
20,line of credit,loan direct loan
20,line of credit,get a quick loan
20,line of credit,loan top up
20,line of credit,how to get a quick loan
20,line of credit,up loan
20,line of credit,top up loan
20,line of credit,loan against car loan
20,line of credit,loans now
20,line of credit,loan one
20,line of credit,loan now
20,line of credit,how do i get a quick loan
21,how long does it take for loan approval,a line of credit
21,how long does it take for loan approval,instant line of credit australia
21,how long does it take for loan approval,line of credit calculator
21,how long does it take for loan approval,best line of credit loans australia
21,how long does it take for loan approval,line of credit lender
21,how long does it take for loan approval,personal line of credit
21,how long does it take for loan approval,what is a line of credit loan
21,how long does it take for loan approval,apply for line of credit
21,how long does it take for loan approval,line of credit estimator
21,how long does it take for loan approval,line of credit australia
21,how long does it take for loan approval,line of credit
21,how long does it take for loan approval,line of credit loans
21,how long does it take for loan approval,best line of credit australia
21,how long does it take for loan approval,line of credit loan
21,how long does it take for loan approval,calculate line of credit
21,how long does it take for loan approval,line of credit interest rate
21,how long does it take for loan approval,personal line of credit australia
21,how long does it take for loan approval,line of credit lenders
21,how long does it take for loan approval,line or credit
21,how long does it take for loan approval,line of credi
21,how long does it take for loan approval,line of credit loans australia
21,how long does it take for loan approval,online line of credit
21,how long does it take for loan approval,unsecured line of credit
22,melbourne loans,short term lending
22,melbourne loans,short term loan lenders online
22,melbourne loans,short term money lenders
22,melbourne loans,small term loans
22,melbourne loans,short term personal loans
22,melbourne loans,short term loans
22,melbourne loans,short term loan lenders
22,melbourne loans,online short term lenders
22,melbourne loans,short term lenders australia
22,melbourne loans,loan term loans
22,melbourne loans,short term loan australia
22,melbourne loans,short term small loans
22,melbourne loans,short term private loans
22,melbourne loans,lenders for short term loans
22,melbourne loans,long term loans
22,melbourne loans,short term lenders
22,melbourne loans,short term loans aus
22,melbourne loans,good short term loans
22,melbourne loans,term loans
22,melbourne loans,short term mortgage loans
22,melbourne loans,loan short term
22,melbourne loans,short term personal loan
22,melbourne loans,best short term loan australia
22,melbourne loans,small short term loans
22,melbourne loans,loans short term
22,melbourne loans,short term loans online
22,melbourne loans,quick short term loans
22,melbourne loans,short term money loans
22,melbourne loans,short term loans australia
22,melbourne loans,fast short term loans
22,melbourne loans,short term cash loans
22,melbourne loans,short term loan
22,melbourne loans,best short term loans
